pano_filename,pano_abs_path,pano_latitude,pano_longitude,pano_true_heading,BLD_ID,bld_height,bld_elevation,bld_source_dataset,bld_capture_date,bld_status,distance_to_centroid_m,desired_camera_yaw_to_facade,bld_centroid_lon,bld_centroid_lat,facade_edge_lon1,facade_edge_lat1,facade_edge_lon2,facade_edge_lat2
VID_20250327_120940_20250507131706_0_000002.jpg,/home/fuad/Work/Projects/pano_process/output/01_sampled_images/VID_20250327_120940_20250507131706.mp4/VID_20250327_120940_20250507131706_0_000002.jpg,34.1945683,-118.1475385,124.63,517007893186,17.89,1346.39,LARIAC2,2008,Unchanged,25.96369732773893,250.3189340709768,-118.14775319038989,34.194492912711446,-118.147694588578,34.1945201238516,-118.147692481104,34.194524742267
VID_20250327_120940_20250507131706_0_000003.jpg,/home/fuad/Work/Projects/pano_process/output/01_sampled_images/VID_20250327_120940_20250507131706.mp4/VID_20250327_120940_20250507131706_0_000003.jpg,34.1945592,-118.1475193,125.95,517007893186,17.89,1346.39,LARIAC2,2008,Unchanged,27.522555563738845,255.68797695205816,-118.14775319038989,34.194492912711446,-118.147694588578,34.1945201238516,-118.147692481104,34.194524742267
VID_20250327_120940_20250507131706_0_000007.jpg,/home/fuad/Work/Projects/pano_process/output/01_sampled_images/VID_20250327_120940_20250507131706.mp4/VID_20250327_120940_20250507131706_0_000007.jpg,34.1944903,-118.1474815,182.15,517007893186,17.89,1346.39,LARIAC2,2008,Unchanged,30.246481949900716,277.39754296611403,-118.14775319038989,34.194492912711446,-118.147901056438,34.1944924749488,-118.147863105434,34.1945741604489
VID_20250327_120940_20250507131706_0_000008.jpg,/home/fuad/Work/Projects/pano_process/output/01_sampled_images/VID_20250327_120940_20250507131706.mp4/VID_20250327_120940_20250507131706_0_000008.jpg,34.194466,-118.1474857,189.03,517007893186,17.89,1346.39,LARIAC2,2008,Unchanged,29.996377867166043,281.6030681342851,-118.14775319038989,34.194492912711446,-118.147901056438,34.1944924749488,-118.147863105434,34.1945741604489
VID_20250327_120940_20250507131706_0_000009.jpg,/home/fuad/Work/Projects/pano_process/output/01_sampled_images/VID_20250327_120940_20250507131706.mp4/VID_20250327_120940_20250507131706_0_000009.jpg,34.1944484,-118.1474912,193.29,517007893186,17.89,1346.39,LARIAC2,2008,Unchanged,29.773560653194725,284.71645784309516,-118.14775319038989,34.194492912711446,-118.147901056438,34.1944924749488,-118.147863105434,34.1945741604489
VID_20250327_120940_20250507131706_0_000010.jpg,/home/fuad/Work/Projects/pano_process/output/01_sampled_images/VID_20250327_120940_20250507131706.mp4/VID_20250327_120940_20250507131706_0_000010.jpg,34.1944289,-118.1474978,196.87,517007893186,17.89,1346.39,LARIAC2,2008,Unchanged,29.70658505859066,288.1859940678963,-118.14775319038989,34.194492912711446,-118.147901056438,34.1944924749488,-118.147863105434,34.1945741604489
VID_20250327_120940_20250507131706_0_000011.jpg,/home/fuad/Work/Projects/pano_process/output/01_sampled_images/VID_20250327_120940_20250507131706.mp4/VID_20250327_120940_20250507131706_0_000011.jpg,34.1944073,-118.147507,199.89,517007893186,17.89,1346.39,LARIAC2,2008,Unchanged,29.729397972794736,292.1066500205691,-118.14775319038989,34.194492912711446,-118.147901056438,34.1944924749488,-118.147863105434,34.1945741604489
VID_20250327_120940_20250507131706_0_000012.jpg,/home/fuad/Work/Projects/pano_process/output/01_sampled_images/VID_20250327_120940_20250507131706.mp4/VID_20250327_120940_20250507131706_0_000012.jpg,34.1943843,-118.1475172,197.54,517007893186,17.89,1346.39,LARIAC2,2008,Unchanged,30.06333333459589,296.2781272812157,-118.14775319038989,34.194492912711446,-118.147901056438,34.1944924749488,-118.147863105434,34.1945741604489
VID_20250327_120940_20250507131706_0_000012.jpg,/home/fuad/Work/Projects/pano_process/output/01_sampled_images/VID_20250327_120940_20250507131706.mp4/VID_20250327_120940_20250507131706_0_000012.jpg,34.1943843,-118.1475172,197.54,202000055685,20.97600038,1340.44125251,LARIAC6,2020,Unchanged,29.05768556732401,260.69188841342145,-118.1477737109565,34.194344300490954,-118.147881014852,34.1943328535088,-118.147879027643,34.1943373708089
VID_20250327_120940_20250507131706_0_000013.jpg,/home/fuad/Work/Projects/pano_process/output/01_sampled_images/VID_20250327_120940_20250507131706.mp4/VID_20250327_120940_20250507131706_0_000013.jpg,34.194361,-118.1475275,201.33,517007893186,17.89,1346.39,LARIAC2,2008,Unchanged,30.763377697387885,300.43607620578155,-118.14775319038989,34.194492912711446,-118.147901056438,34.1944924749488,-118.147863105434,34.1945741604489
VID_20250327_120940_20250507131706_0_000013.jpg,/home/fuad/Work/Projects/pano_process/output/01_sampled_images/VID_20250327_120940_20250507131706.mp4/VID_20250327_120940_20250507131706_0_000013.jpg,34.194361,-118.1475275,201.33,202000055685,20.97600038,1340.44125251,LARIAC6,2020,Unchanged,27.50007219973813,264.92646665238334,-118.1477737109565,34.194344300490954,-118.147881014852,34.1943328535088,-118.147879027643,34.1943373708089
VID_20250327_120940_20250507131706_0_000015.jpg,/home/fuad/Work/Projects/pano_process/output/01_sampled_images/VID_20250327_120940_20250507131706.mp4/VID_20250327_120940_20250507131706_0_000015.jpg,34.1943097,-118.1475492,199.82,202000055685,20.97600038,1340.44125251,LARIAC6,2020,Unchanged,25.422569046022094,279.90291456274036,-118.1477737109565,34.194344300490954,-118.147901569653,34.1943442174299,-118.147888033083,34.1943749924386
VID_20250327_120940_20250507131706_0_000016.jpg,/home/fuad/Work/Projects/pano_process/output/01_sampled_images/VID_20250327_120940_20250507131706.mp4/VID_20250327_120940_20250507131706_0_000016.jpg,34.1942832,-118.1475605,199.95,516972893100,12.68,1333.51,LARIAC2,2008,Unchanged,28.595486838629178,256.33674145707994,-118.14780880272035,34.194228760328166,-118.147890657447,34.194203356523,-118.147876423683,34.1942331334856
VID_20250327_120940_20250507131706_0_000017.jpg,/home/fuad/Work/Projects/pano_process/output/01_sampled_images/VID_20250327_120940_20250507131706.mp4/VID_20250327_120940_20250507131706_0_000017.jpg,34.1942555,-118.1475722,201.04,516972893100,12.68,1333.51,LARIAC2,2008,Unchanged,26.583211966883525,261.76835357526494,-118.14780880272035,34.194228760328166,-118.147890657447,34.194203356523,-118.147876423683,34.1942331334856
VID_20250327_120940_20250507131706_0_000018.jpg,/home/fuad/Work/Projects/pano_process/output/01_sampled_images/VID_20250327_120940_20250507131706.mp4/VID_20250327_120940_20250507131706_0_000018.jpg,34.1942271,-118.1475847,200.51,202000055685,20.97600038,1340.44125251,LARIAC6,2020,Unchanged,26.296482398995057,308.66690540127934,-118.1477737109565,34.194344300490954,-118.147817162985,34.1943642146987,-118.147805751907,34.1943901557924
VID_20250327_120940_20250507131706_0_000019.jpg,/home/fuad/Work/Projects/pano_process/output/01_sampled_images/VID_20250327_120940_20250507131706.mp4/VID_20250327_120940_20250507131706_0_000019.jpg,34.1941993,-118.1475963,198.1,202000055685,20.97600038,1340.44125251,LARIAC6,2020,Unchanged,27.764382284756227,314.98728364624,-118.1477737109565,34.194344300490954,-118.147817162985,34.1943642146987,-118.147805751907,34.1943901557924
VID_20250327_120940_20250507131706_0_000020.jpg,/home/fuad/Work/Projects/pano_process/output/01_sampled_images/VID_20250327_120940_20250507131706.mp4/VID_20250327_120940_20250507131706_0_000020.jpg,34.1941706,-118.1476096,201.49,202000055685,20.97600038,1340.44125251,LARIAC6,2020,Unchanged,29.66895129762341,321.0546590677585,-118.1477737109565,34.194344300490954,-118.147817162985,34.1943642146987,-118.147805751907,34.1943901557924
VID_20250327_120940_20250507131706_0_000022.jpg,/home/fuad/Work/Projects/pano_process/output/01_sampled_images/VID_20250327_120940_20250507131706.mp4/VID_20250327_120940_20250507131706_0_000022.jpg,34.1941116,-118.1476369,201.1,516972893100,12.68,1333.51,LARIAC2,2008,Unchanged,24.795524565989904,310.39546595795343,-118.14780880272035,34.194228760328166,-118.147862659687,34.1942285885597,-118.147832677713,34.1942913041958
VID_20250327_120940_20250507131706_0_000023.jpg,/home/fuad/Work/Projects/pano_process/output/01_sampled_images/VID_20250327_120940_20250507131706.mp4/VID_20250327_120940_20250507131706_0_000023.jpg,34.1940821,-118.1476505,201.1,516972893100,12.68,1333.51,LARIAC2,2008,Unchanged,26.460062237001328,317.4791361846934,-118.14780880272035,34.194228760328166,-118.147862659687,34.1942285885597,-118.147832677713,34.1942913041958
VID_20250327_120940_20250507131706_0_000024.jpg,/home/fuad/Work/Projects/pano_process/output/01_sampled_images/VID_20250327_120940_20250507131706.mp4/VID_20250327_120940_20250507131706_0_000024.jpg,34.194052,-118.1476642,200.18,516941892988,16.24,1329.64,LARIAC2,2008,Unchanged,33.074133976460296,249.4076909457894,-118.14793731841971,34.19395525408546,-118.148025942708,34.1939234845291,-118.148009111141,34.1939609042659
VID_20250327_120940_20250507131706_0_000024.jpg,/home/fuad/Work/Projects/pano_process/output/01_sampled_images/VID_20250327_120940_20250507131706.mp4/VID_20250327_120940_20250507131706_0_000024.jpg,34.194052,-118.1476642,200.18,516957893035,16.39,1332.87,LARIAC2,2008,Unchanged,24.707640694178647,280.1946622074553,-118.14788448479625,34.1940744629335,-118.147991544375,34.1940689716299,-118.147964863698,34.1941284413521
VID_20250327_120940_20250507131706_0_000025.jpg,/home/fuad/Work/Projects/pano_process/output/01_sampled_images/VID_20250327_120940_20250507131706.mp4/VID_20250327_120940_20250507131706_0_000025.jpg,34.1940224,-118.1476779,200.6,516941892988,16.24,1329.64,LARIAC2,2008,Unchanged,30.25922114049101,254.0654360129305,-118.14793731841971,34.19395525408546,-118.148025942708,34.1939234845291,-118.148009111141,34.1939609042659
VID_20250327_120940_20250507131706_0_000025.jpg,/home/fuad/Work/Projects/pano_process/output/01_sampled_images/VID_20250327_120940_20250507131706.mp4/VID_20250327_120940_20250507131706_0_000025.jpg,34.1940224,-118.1476779,200.6,516957893035,16.39,1332.87,LARIAC2,2008,Unchanged,24.04066842608246,287.07706768087195,-118.14788448479625,34.1940744629335,-118.147991544375,34.1940689716299,-118.147964863698,34.1941284413521
VID_20250327_120940_20250507131706_0_000026.jpg,/home/fuad/Work/Projects/pano_process/output/01_sampled_images/VID_20250327_120940_20250507131706.mp4/VID_20250327_120940_20250507131706_0_000026.jpg,34.1939935,-118.1476918,201.54,516941892988,16.24,1329.64,LARIAC2,2008,Unchanged,27.811458130354648,259.21842329337824,-118.14793731841971,34.19395525408546,-118.148025942708,34.1939234845291,-118.148009111141,34.1939609042659
VID_20250327_120940_20250507131706_0_000026.jpg,/home/fuad/Work/Projects/pano_process/output/01_sampled_images/VID_20250327_120940_20250507131706.mp4/VID_20250327_120940_20250507131706_0_000026.jpg,34.1939935,-118.1476918,201.54,516957893035,16.39,1332.87,LARIAC2,2008,Unchanged,24.058543986987644,293.94629006204485,-118.14788448479625,34.1940744629335,-118.147991544375,34.1940689716299,-118.147964863698,34.1941284413521
VID_20250327_120940_20250507131706_0_000028.jpg,/home/fuad/Work/Projects/pano_process/output/01_sampled_images/VID_20250327_120940_20250507131706.mp4/VID_20250327_120940_20250507131706_0_000028.jpg,34.1939372,-118.1477182,199.51,202000055647,16.19279964,1333.90557186,LARIAC6,2020,Unchanged,33.718950556825575,109.94580709014394,-118.14743518454635,34.19384791410554,-118.147368690481,34.1938507274188,-118.147383077849,34.1938181663992
VID_20250327_120940_20250507131706_0_000029.jpg,/home/fuad/Work/Projects/pano_process/output/01_sampled_images/VID_20250327_120940_20250507131706.mp4/VID_20250327_120940_20250507131706_0_000029.jpg,34.1939096,-118.1477314,202.98,516941892988,16.24,1329.64,LARIAC2,2008,Unchanged,23.731921275670036,285.6800138884165,-118.14793731841971,34.19395525408546,-118.14799342735,34.1939560317432,-118.147981700934,34.1939821237952
VID_20250327_120940_20250507131706_0_000029.jpg,/home/fuad/Work/Projects/pano_process/output/01_sampled_images/VID_20250327_120940_20250507131706.mp4/VID_20250327_120940_20250507131706_0_000029.jpg,34.1939096,-118.1477314,202.98,202000055647,16.19279964,1333.90557186,LARIAC6,2020,Unchanged,34.00356912316653,104.33606938619113,-118.14743518454635,34.19384791410554,-118.147368690481,34.1938507274188,-118.147383077849,34.1938181663992
VID_20250327_120940_20250507131706_0_000030.jpg,/home/fuad/Work/Projects/pano_process/output/01_sampled_images/VID_20250327_120940_20250507131706.mp4/VID_20250327_120940_20250507131706_0_000030.jpg,34.1938814,-118.1477441,201.97,516941892988,16.24,1329.64,LARIAC2,2008,Unchanged,23.694529433829985,293.5277473352089,-118.14793731841971,34.19395525408546,-118.14799342735,34.1939560317432,-118.147981700934,34.1939821237952
VID_20250327_120940_20250507131706_0_000030.jpg,/home/fuad/Work/Projects/pano_process/output/01_sampled_images/VID_20250327_120940_20250507131706.mp4/VID_20250327_120940_20250507131706_0_000030.jpg,34.1938814,-118.1477441,201.97,202000055647,16.19279964,1333.90557186,LARIAC6,2020,Unchanged,34.68235540825236,98.76383421356292,-118.14743518454635,34.19384791410554,-118.147368690481,34.1938507274188,-118.147383077849,34.1938181663992
VID_20250327_120940_20250507131706_0_000032.jpg,/home/fuad/Work/Projects/pano_process/output/01_sampled_images/VID_20250327_120940_20250507131706.mp4/VID_20250327_120940_20250507131706_0_000032.jpg,34.1938249,-118.1477701,201.49,516941892988,16.24,1329.64,LARIAC2,2008,Unchanged,25.578914955450152,313.66570342072555,-118.14793731841971,34.19395525408546,-118.148014291878,34.1939922234497,-118.147997394402,34.1940298073443
VID_20250327_120940_20250507131706_0_000033.jpg,/home/fuad/Work/Projects/pano_process/output/01_sampled_images/VID_20250327_120940_20250507131706.mp4/VID_20250327_120940_20250507131706_0_000033.jpg,34.1937966,-118.1477832,202.46,516941892988,16.24,1329.64,LARIAC2,2008,Unchanged,27.39085805262674,319.3414352439167,-118.14793731841971,34.19395525408546,-118.148014291878,34.1939922234497,-118.147997394402,34.1940298073443
VID_20250327_120940_20250507131706_0_000034.jpg,/home/fuad/Work/Projects/pano_process/output/01_sampled_images/VID_20250327_120940_20250507131706.mp4/VID_20250327_120940_20250507131706_0_000034.jpg,34.1937688,-118.1477962,200.51,516941892988,16.24,1329.64,LARIAC2,2008,Unchanged,29.605251338491446,324.4008187373339,-118.14793731841971,34.19395525408546,-118.148014291878,34.1939922234497,-118.147997394402,34.1940298073443
VID_20250327_120940_20250507131706_0_000035.jpg,/home/fuad/Work/Projects/pano_process/output/01_sampled_images/VID_20250327_120940_20250507131706.mp4/VID_20250327_120940_20250507131706_0_000035.jpg,34.1937404,-118.1478092,200.51,516891892878,15.64,1321.28,LARIAC2,2008,Unchanged,34.16504512484282,237.57914625527698,-118.14808124903531,34.19362289053997,-118.148049066074,34.1935734320342,-118.148145318176,34.1936047776541
VID_20250327_120940_20250507131706_0_000035.jpg,/home/fuad/Work/Projects/pano_process/output/01_sampled_images/VID_20250327_120940_20250507131706.mp4/VID_20250327_120940_20250507131706_0_000035.jpg,34.1937404,-118.1478092,200.51,516941892988,16.24,1329.64,LARIAC2,2008,Unchanged,32.241757603532996,328.9923711942738,-118.14793731841971,34.19395525408546,-118.148014291878,34.1939922234497,-118.147997394402,34.1940298073443
VID_20250327_120940_20250507131706_0_000036.jpg,/home/fuad/Work/Projects/pano_process/output/01_sampled_images/VID_20250327_120940_20250507131706.mp4/VID_20250327_120940_20250507131706_0_000036.jpg,34.1937117,-118.1478219,200.6,516891892878,15.64,1321.28,LARIAC2,2008,Unchanged,31.24689064557073,241.70238844505252,-118.14808124903531,34.19362289053997,-118.148049066074,34.1935734320342,-118.148145318176,34.1936047776541
VID_20250327_120940_20250507131706_0_000037.jpg,/home/fuad/Work/Projects/pano_process/output/01_sampled_images/VID_20250327_120940_20250507131706.mp4/VID_20250327_120940_20250507131706_0_000037.jpg,34.193682,-118.147835,198.86,516891892878,15.64,1321.28,LARIAC2,2008,Unchanged,28.54328889220941,259.8864927785087,-118.14808124903531,34.19362289053997,-118.148145318176,34.1936047776541,-118.148113427107,34.1936723594618
VID_20250327_120940_20250507131706_0_000038.jpg,/home/fuad/Work/Projects/pano_process/output/01_sampled_images/VID_20250327_120940_20250507131706.mp4/VID_20250327_120940_20250507131706_0_000038.jpg,34.1936519,-118.1478479,199.25,516891892878,15.64,1321.28,LARIAC2,2008,Unchanged,26.268052800269427,266.72283316323535,-118.14808124903531,34.19362289053997,-118.148145318176,34.1936047776541,-118.148113427107,34.1936723594618
VID_20250327_120940_20250507131706_0_000039.jpg,/home/fuad/Work/Projects/pano_process/output/01_sampled_images/VID_20250327_120940_20250507131706.mp4/VID_20250327_120940_20250507131706_0_000039.jpg,34.193621,-118.1478609,199.39,516891892878,15.64,1321.28,LARIAC2,2008,Unchanged,24.530462237080915,274.523573759981,-118.14808124903531,34.19362289053997,-118.148145318176,34.1936047776541,-118.148113427107,34.1936723594618
VID_20250327_120940_20250507131706_0_000039.jpg,/home/fuad/Work/Projects/pano_process/output/01_sampled_images/VID_20250327_120940_20250507131706.mp4/VID_20250327_120940_20250507131706_0_000039.jpg,34.193621,-118.1478609,199.39,516876892841,15.09,1318.73,LARIAC2,2008,Unchanged,33.176917803994726,255.78065524445094,-118.14814180549233,34.193538633914876,-118.14822239407,34.1935260119743,-118.148202991729,34.193568517724
VID_20250327_120940_20250507131706_0_000040.jpg,/home/fuad/Work/Projects/pano_process/output/01_sampled_images/VID_20250327_120940_20250507131706.mp4/VID_20250327_120940_20250507131706_0_000040.jpg,34.1935896,-118.1478743,202.91,516891892878,15.64,1321.28,LARIAC2,2008,Unchanged,23.46908860858088,283.0669893348951,-118.14808124903531,34.19362289053997,-118.148145318176,34.1936047776541,-118.148113427107,34.1936723594618
VID_20250327_120940_20250507131706_0_000040.jpg,/home/fuad/Work/Projects/pano_process/output/01_sampled_images/VID_20250327_120940_20250507131706.mp4/VID_20250327_120940_20250507131706_0_000040.jpg,34.1935896,-118.1478743,202.91,516876892841,15.09,1318.73,LARIAC2,2008,Unchanged,30.558333477017676,261.3992295715401,-118.14814180549233,34.193538633914876,-118.14822239407,34.1935260119743,-118.148202991729,34.193568517724
VID_20250327_120940_20250507131706_0_000041.jpg,/home/fuad/Work/Projects/pano_process/output/01_sampled_images/VID_20250327_120940_20250507131706.mp4/VID_20250327_120940_20250507131706_0_000041.jpg,34.1935586,-118.1478883,201.16,516891892878,15.64,1321.28,LARIAC2,2008,Unchanged,23.1562366952323,291.8529575209446,-118.14808124903531,34.19362289053997,-118.148145318176,34.1936047776541,-118.148113427107,34.1936723594618
VID_20250327_120940_20250507131706_0_000041.jpg,/home/fuad/Work/Projects/pano_process/output/01_sampled_images/VID_20250327_120940_20250507131706.mp4/VID_20250327_120940_20250507131706_0_000041.jpg,34.1935586,-118.1478883,201.16,516876892841,15.09,1318.73,LARIAC2,2008,Unchanged,28.347745400174194,267.581071388047,-118.14814180549233,34.193538633914876,-118.14822239407,34.1935260119743,-118.148202991729,34.193568517724
VID_20250327_120940_20250507131706_0_000042.jpg,/home/fuad/Work/Projects/pano_process/output/01_sampled_images/VID_20250327_120940_20250507131706.mp4/VID_20250327_120940_20250507131706_0_000042.jpg,34.193527,-118.147902,198.65,516891892878,15.64,1321.28,LARIAC2,2008,Unchanged,23.763497688255736,300.67773214455394,-118.14808124903531,34.19362289053997,-118.148145318176,34.1936047776541,-118.148113427107,34.1936723594618
VID_20250327_120940_20250507131706_0_000043.jpg,/home/fuad/Work/Projects/pano_process/output/01_sampled_images/VID_20250327_120940_20250507131706.mp4/VID_20250327_120940_20250507131706_0_000043.jpg,34.1934952,-118.1479163,201.16,516891892878,15.64,1321.28,LARIAC2,2008,Unchanged,25.149315605544903,309.1276207072045,-118.14808124903531,34.19362289053997,-118.148145318176,34.1936047776541,-118.148113427107,34.1936723594618
VID_20250327_120940_20250507131706_0_000043.jpg,/home/fuad/Work/Projects/pano_process/output/01_sampled_images/VID_20250327_120940_20250507131706.mp4/VID_20250327_120940_20250507131706_0_000043.jpg,34.1934952,-118.1479163,201.16,516876892841,15.09,1318.73,LARIAC2,2008,Unchanged,25.774754158257323,281.98992175635203,-118.14814180549233,34.193538633914876,-118.14822239407,34.1935260119743,-118.148202991729,34.193568517724
VID_20250327_120940_20250507131706_0_000044.jpg,/home/fuad/Work/Projects/pano_process/output/01_sampled_images/VID_20250327_120940_20250507131706.mp4/VID_20250327_120940_20250507131706_0_000044.jpg,34.1934631,-118.1479302,200.76,516891892878,15.64,1321.28,LARIAC2,2008,Unchanged,27.298406730162686,316.8055258504903,-118.14808124903531,34.19362289053997,-118.148145318176,34.1936047776541,-118.148113427107,34.1936723594618
VID_20250327_120940_20250507131706_0_000044.jpg,/home/fuad/Work/Projects/pano_process/output/01_sampled_images/VID_20250327_120940_20250507131706.mp4/VID_20250327_120940_20250507131706_0_000044.jpg,34.1934631,-118.1479302,200.76,516856892776,15.29,1314.86,LARIAC2,2008,Unchanged,34.613831504938744,244.65207355149903,-118.14821478767723,34.193359477573495,-118.148247121661,34.1933168677848,-118.148310284716,34.1933362183706
VID_20250327_120940_20250507131706_0_000045.jpg,/home/fuad/Work/Projects/pano_process/output/01_sampled_images/VID_20250327_120940_20250507131706.mp4/VID_20250327_120940_20250507131706_0_000045.jpg,34.1934306,-118.1479444,200.37,516891892878,15.64,1321.28,LARIAC2,2008,Unchanged,30.02994964921916,323.65875268928994,-118.14808124903531,34.19362289053997,-118.148145318176,34.1936047776541,-118.148113427107,34.1936723594618
VID_20250327_120940_20250507131706_0_000045.jpg,/home/fuad/Work/Projects/pano_process/output/01_sampled_images/VID_20250327_120940_20250507131706.mp4/VID_20250327_120940_20250507131706_0_000045.jpg,34.1934306,-118.1479444,200.37,516876892841,15.09,1318.73,LARIAC2,2008,Unchanged,26.349604769544378,303.86205139523025,-118.14814180549233,34.193538633914876,-118.148209775251,34.1935706523541,-118.148204504532,34.1935822002206
VID_20250327_120940_20250507131706_0_000046.jpg,/home/fuad/Work/Projects/pano_process/output/01_sampled_images/VID_20250327_120940_20250507131706.mp4/VID_20250327_120940_20250507131706_0_000046.jpg,34.1933983,-118.1479589,201.21,516891892878,15.64,1321.28,LARIAC2,2008,Unchanged,33.15289032958937,341.1897818679632,-118.14808124903531,34.19362289053997,-118.148113427107,34.1936723594618,-118.148017174892,34.1936409867706
VID_20250327_120940_20250507131706_0_000047.jpg,/home/fuad/Work/Projects/pano_process/output/01_sampled_images/VID_20250327_120940_20250507131706.mp4/VID_20250327_120940_20250507131706_0_000047.jpg,34.1933657,-118.1479738,201.16,516856892776,15.29,1314.86,LARIAC2,2008,Unchanged,26.83969305857291,268.83238676406665,-118.14821478767723,34.193359477573495,-118.148310284716,34.1933362183706,-118.148289007654,34.1933841942225
VID_20250327_120940_20250507131706_0_000047.jpg,/home/fuad/Work/Projects/pano_process/output/01_sampled_images/VID_20250327_120940_20250507131706.mp4/VID_20250327_120940_20250507131706_0_000047.jpg,34.1933657,-118.1479738,201.16,516876892841,15.09,1318.73,LARIAC2,2008,Unchanged,29.857188060154655,320.2723493566661,-118.14814180549233,34.193538633914876,-118.14819775464,34.1935800646476,-118.14819238553,34.1935918046604
VID_20250327_120940_20250507131706_0_000048.jpg,/home/fuad/Work/Projects/pano_process/output/01_sampled_images/VID_20250327_120940_20250507131706.mp4/VID_20250327_120940_20250507131706_0_000048.jpg,34.1933331,-118.1479884,200.76,516856892776,15.29,1314.86,LARIAC2,2008,Unchanged,25.450164061638496,276.0105723632705,-118.14821478767723,34.193359477573495,-118.148310284716,34.1933362183706,-118.148289007654,34.1933841942225
VID_20250327_120940_20250507131706_0_000048.jpg,/home/fuad/Work/Projects/pano_process/output/01_sampled_images/VID_20250327_120940_20250507131706.mp4/VID_20250327_120940_20250507131706_0_000048.jpg,34.1933331,-118.1479884,200.76,516876892841,15.09,1318.73,LARIAC2,2008,Unchanged,32.50806033751356,325.9367227923158,-118.14814180549233,34.193538633914876,-118.14819775464,34.1935800646476,-118.14819238553,34.1935918046604
VID_20250327_120940_20250507131706_0_000049.jpg,/home/fuad/Work/Projects/pano_process/output/01_sampled_images/VID_20250327_120940_20250507131706.mp4/VID_20250327_120940_20250507131706_0_000049.jpg,34.193301,-118.148003,200.68,202300052783,12.5,1312.88,LARIAC7,2023,Modified,33.763966417888795,260.09456956267536,-118.14829495267008,34.19323299918321,-118.148343046663,34.1932411288086,-118.14833225897,34.1932641951046
VID_20250327_120940_20250507131706_0_000050.jpg,/home/fuad/Work/Projects/pano_process/output/01_sampled_images/VID_20250327_120940_20250507131706.mp4/VID_20250327_120940_20250507131706_0_000050.jpg,34.1932699,-118.1480174,200.68,202300052783,12.5,1312.88,LARIAC7,2023,Modified,31.29359542000976,265.00323294532285,-118.14829495267008,34.19323299918321,-118.148434946278,34.1932172066251,-118.148413167749,34.1932637740201
VID_20250327_120940_20250507131706_0_000051.jpg,/home/fuad/Work/Projects/pano_process/output/01_sampled_images/VID_20250327_120940_20250507131706.mp4/VID_20250327_120940_20250507131706_0_000051.jpg,34.1932389,-118.1480318,201.58,202300052783,12.5,1312.88,LARIAC7,2023,Modified,29.304783540063564,270.2809450901323,-118.14829495267008,34.19323299918321,-118.148434946278,34.1932172066251,-118.148413167749,34.1932637740201
VID_20250327_120940_20250507131706_0_000052.jpg,/home/fuad/Work/Projects/pano_process/output/01_sampled_images/VID_20250327_120940_20250507131706.mp4/VID_20250327_120940_20250507131706_0_000052.jpg,34.1932078,-118.1480459,201.16,516856892776,15.29,1314.86,LARIAC2,2008,Unchanged,27.75167509126695,317.52376107412294,-118.14821478767723,34.193359477573495,-118.148265847033,34.1933771059202,-118.148247204308,34.1934190617131
VID_20250327_120940_20250507131706_0_000052.jpg,/home/fuad/Work/Projects/pano_process/output/01_sampled_images/VID_20250327_120940_20250507131706.mp4/VID_20250327_120940_20250507131706_0_000052.jpg,34.1932078,-118.1480459,201.16,516982892694,18.59,1316.82,LARIAC2,2008,Unchanged,33.4113296115329,107.39539932644061,-118.14776105257918,34.19312956817663,-118.147696338382,34.1931345612292,-118.147711065889,34.1931036838163
VID_20250327_120940_20250507131706_0_000052.jpg,/home/fuad/Work/Projects/pano_process/output/01_sampled_images/VID_20250327_120940_20250507131706.mp4/VID_20250327_120940_20250507131706_0_000052.jpg,34.1932078,-118.1480459,201.16,516815892690,17.15,1311.04,LARIAC2,2008,Unchanged,33.685724572339666,249.50235344629218,-118.1483265615972,34.19311422528592,-118.148402565052,34.1930862411738,-118.148390640587,34.1931124696398
VID_20250327_120940_20250507131706_0_000052.jpg,/home/fuad/Work/Projects/pano_process/output/01_sampled_images/VID_20250327_120940_20250507131706.mp4/VID_20250327_120940_20250507131706_0_000052.jpg,34.1932078,-118.1480459,201.16,202300052783,12.5,1312.88,LARIAC7,2023,Modified,27.9310697751096,275.9665173787713,-118.14829495267008,34.19323299918321,-118.148434946278,34.1932172066251,-118.148413167749,34.1932637740201
VID_20250327_120940_20250507131706_0_000053.jpg,/home/fuad/Work/Projects/pano_process/output/01_sampled_images/VID_20250327_120940_20250507131706.mp4/VID_20250327_120940_20250507131706_0_000053.jpg,34.1931762,-118.1480602,202.03,516982892694,18.59,1316.82,LARIAC2,2008,Unchanged,33.88714168490843,100.95482802776547,-118.14776105257918,34.19312956817663,-118.147696338382,34.1931345612292,-118.147711065889,34.1931036838163
VID_20250327_120940_20250507131706_0_000053.jpg,/home/fuad/Work/Projects/pano_process/output/01_sampled_images/VID_20250327_120940_20250507131706.mp4/VID_20250327_120940_20250507131706_0_000053.jpg,34.1931762,-118.1480602,202.03,516815892690,17.15,1311.04,LARIAC2,2008,Unchanged,30.80199925881868,254.56174136323244,-118.1483265615972,34.19311422528592,-118.148402565052,34.1930862411738,-118.148390640587,34.1931124696398
VID_20250327_120940_20250507131706_0_000054.jpg,/home/fuad/Work/Projects/pano_process/output/01_sampled_images/VID_20250327_120940_20250507131706.mp4/VID_20250327_120940_20250507131706_0_000054.jpg,34.1931447,-118.1480745,201.58,516982892694,18.59,1316.82,LARIAC2,2008,Unchanged,34.95218475200492,94.76701657216853,-118.14776105257918,34.19312956817663,-118.147696338382,34.1931345612292,-118.147711065889,34.1931036838163
VID_20250327_120940_20250507131706_0_000054.jpg,/home/fuad/Work/Projects/pano_process/output/01_sampled_images/VID_20250327_120940_20250507131706.mp4/VID_20250327_120940_20250507131706_0_000054.jpg,34.1931447,-118.1480745,201.58,516815892690,17.15,1311.04,LARIAC2,2008,Unchanged,28.357526075974548,260.34116617218103,-118.1483265615972,34.19311422528592,-118.148402565052,34.1930862411738,-118.148390640587,34.1931124696398
VID_20250327_120940_20250507131706_0_000054.jpg,/home/fuad/Work/Projects/pano_process/output/01_sampled_images/VID_20250327_120940_20250507131706.mp4/VID_20250327_120940_20250507131706_0_000054.jpg,34.1931447,-118.1480745,201.58,202300052783,12.5,1312.88,LARIAC7,2023,Modified,27.26651740011486,296.38139069282596,-118.14829495267008,34.19323299918321,-118.148343046663,34.1932411288086,-118.14833225897,34.1932641951046
VID_20250327_120940_20250507131706_0_000055.jpg,/home/fuad/Work/Projects/pano_process/output/01_sampled_images/VID_20250327_120940_20250507131706.mp4/VID_20250327_120940_20250507131706_0_000055.jpg,34.1931128,-118.1480888,200.76,202300052783,12.5,1312.88,LARIAC7,2023,Modified,28.077275206583952,304.1952361240633,-118.14829495267008,34.19323299918321,-118.148343046663,34.1932411288086,-118.14833225897,34.1932641951046
VID_20250327_120940_20250507131706_0_000057.jpg,/home/fuad/Work/Projects/pano_process/output/01_sampled_images/VID_20250327_120940_20250507131706.mp4/VID_20250327_120940_20250507131706_0_000057.jpg,34.19305,-118.1481182,200.28,516815892690,17.15,1311.04,LARIAC2,2008,Unchanged,24.752898397475942,289.3083247703314,-118.1483265615972,34.19311422528592,-118.148396960573,34.1931144686966,-118.148383883127,34.1931433094122
VID_20250327_120940_20250507131706_0_000057.jpg,/home/fuad/Work/Projects/pano_process/output/01_sampled_images/VID_20250327_120940_20250507131706.mp4/VID_20250327_120940_20250507131706_0_000057.jpg,34.19305,-118.1481182,200.28,202300052783,12.5,1312.88,LARIAC7,2023,Modified,31.52311423058513,321.68172521923134,-118.14829495267008,34.19323299918321,-118.148326369864,34.193262293783,-118.148322859347,34.1932697988313
VID_20250327_120940_20250507131706_0_000060.jpg,/home/fuad/Work/Projects/pano_process/output/01_sampled_images/VID_20250327_120940_20250507131706.mp4/VID_20250327_120940_20250507131706_0_000060.jpg,34.1929562,-118.1481605,198.86,516815892690,17.15,1311.04,LARIAC2,2008,Unchanged,28.178537395941984,319.33960011688976,-118.1483265615972,34.19311422528592,-118.14837620734,34.1931409009192,-118.148361680712,34.1931729591736
VID_20250327_120940_20250507131706_0_000061.jpg,/home/fuad/Work/Projects/pano_process/output/01_sampled_images/VID_20250327_120940_20250507131706.mp4/VID_20250327_120940_20250507131706_0_000061.jpg,34.1929256,-118.1481743,200.18,516936892574,15.99,1307.32,LARIAC2,2008,Unchanged,34.358837586006864,124.18776989656868,-118.14791833183446,34.19278294214327,-118.14786143085,34.1927689191599,-118.147875001112,34.1927383190102
VID_20250327_120940_20250507131706_0_000061.jpg,/home/fuad/Work/Projects/pano_process/output/01_sampled_images/VID_20250327_120940_20250507131706.mp4/VID_20250327_120940_20250507131706_0_000061.jpg,34.1929256,-118.1481743,200.18,516815892690,17.15,1311.04,LARIAC2,2008,Unchanged,30.524093626474308,325.16316120943725,-118.1483265615972,34.19311422528592,-118.14837620734,34.1931409009192,-118.148361680712,34.1931729591736
VID_20250327_120940_20250507131706_0_000062.jpg,/home/fuad/Work/Projects/pano_process/output/01_sampled_images/VID_20250327_120940_20250507131706.mp4/VID_20250327_120940_20250507131706_0_000062.jpg,34.1928956,-118.1481878,200.68,516936892574,15.99,1307.32,LARIAC2,2008,Unchanged,33.61102018494277,118.24042984497316,-118.14791833183446,34.19278294214327,-118.14786143085,34.1927689191599,-118.147875001112,34.1927383190102
VID_20250327_120940_20250507131706_0_000067.jpg,/home/fuad/Work/Projects/pano_process/output/01_sampled_images/VID_20250327_120940_20250507131706.mp4/VID_20250327_120940_20250507131706_0_000067.jpg,34.1927435,-118.1482567,200.18,516769892573,18.95,1306.35,LARIAC2,2008,Unchanged,29.73648465532034,289.04364779651365,-118.14851400300537,34.19280287191622,-118.148640998112,34.1928126166354,-118.14860799125,34.192884404689
VID_20250327_120940_20250507131706_0_000068.jpg,/home/fuad/Work/Projects/pano_process/output/01_sampled_images/VID_20250327_120940_20250507131706.mp4/VID_20250327_120940_20250507131706_0_000068.jpg,34.192713,-118.1482703,201.1,516769892573,18.95,1306.35,LARIAC2,2008,Unchanged,29.703012567853285,294.82238467234953,-118.14851400300537,34.19280287191622,-118.148640998112,34.1928126166354,-118.14860799125,34.192884404689
VID_20250327_120940_20250507131706_0_000069.jpg,/home/fuad/Work/Projects/pano_process/output/01_sampled_images/VID_20250327_120940_20250507131706.mp4/VID_20250327_120940_20250507131706_0_000069.jpg,34.1926823,-118.1482841,200.68,516769892573,18.95,1306.35,LARIAC2,2008,Unchanged,30.303364943521142,300.55450307432795,-118.14851400300537,34.19280287191622,-118.148640998112,34.1928126166354,-118.14860799125,34.192884404689
VID_20250327_120940_20250507131706_0_000070.jpg,/home/fuad/Work/Projects/pano_process/output/01_sampled_images/VID_20250327_120940_20250507131706.mp4/VID_20250327_120940_20250507131706_0_000070.jpg,34.1926516,-118.1482983,200.68,516763892532,19.6,1304.46,LARIAC2,2008,Unchanged,26.45926958352854,271.67847275195595,-118.14853574701118,34.192660444820966,-118.148627689883,34.1926366873519,-118.148606672026,34.1926819700661
VID_20250327_120940_20250507131706_0_000072.jpg,/home/fuad/Work/Projects/pano_process/output/01_sampled_images/VID_20250327_120940_20250507131706.mp4/VID_20250327_120940_20250507131706_0_000072.jpg,34.1925889,-118.1483251,202.01,516763892532,19.6,1304.46,LARIAC2,2008,Unchanged,25.348990381806836,292.7503650879662,-118.14853574701118,34.192660444820966,-118.148599889601,34.1926798075096,-118.148596365179,34.1926873964254
VID_20250327_120940_20250507131706_0_000073.jpg,/home/fuad/Work/Projects/pano_process/output/01_sampled_images/VID_20250327_120940_20250507131706.mp4/VID_20250327_120940_20250507131706_0_000073.jpg,34.1925589,-118.1483406,203.8,516728892479,15.5,1297.09,LARIAC2,2008,Unchanged,30.11261046426406,265.18453038556356,-118.14860869471417,34.19252909012179,-118.148705650799,34.1925170862978,-118.148689937432,34.1925509319849
VID_20250327_120940_20250507131706_0_000075.jpg,/home/fuad/Work/Projects/pano_process/output/01_sampled_images/VID_20250327_120940_20250507131706.mp4/VID_20250327_120940_20250507131706_0_000075.jpg,34.1924981,-118.1483705,201.58,516885892440,18.65,1302.54,LARIAC2,2008,Unchanged,33.60241985401176,102.79879223933006,-118.14807715226142,34.192439238462676,-118.14801310966,34.1924477000252,-118.148027869719,34.1924169604681
VID_20250327_120940_20250507131706_0_000075.jpg,/home/fuad/Work/Projects/pano_process/output/01_sampled_images/VID_20250327_120940_20250507131706.mp4/VID_20250327_120940_20250507131706_0_000075.jpg,34.1924981,-118.1483705,201.58,516763892532,19.6,1304.46,LARIAC2,2008,Unchanged,28.561255031114268,321.44098324003505,-118.14853574701118,34.192660444820966,-118.148585148325,34.1926838103875,-118.148561957022,34.1927337954484
VID_20250327_120940_20250507131706_0_000076.jpg,/home/fuad/Work/Projects/pano_process/output/01_sampled_images/VID_20250327_120940_20250507131706.mp4/VID_20250327_120940_20250507131706_0_000076.jpg,34.1924683,-118.1483855,203.34,516885892440,18.65,1302.54,LARIAC2,2008,Unchanged,34.5472195710178,96.79390546311527,-118.14807715226142,34.192439238462676,-118.14801310966,34.1924477000252,-118.148027869719,34.1924169604681
VID_20250327_120940_20250507131706_0_000076.jpg,/home/fuad/Work/Projects/pano_process/output/01_sampled_images/VID_20250327_120940_20250507131706.mp4/VID_20250327_120940_20250507131706_0_000076.jpg,34.1924683,-118.1483855,203.34,516763892532,19.6,1304.46,LARIAC2,2008,Unchanged,30.796656135506232,327.10675947673866,-118.14853574701118,34.192660444820966,-118.148585148325,34.1926838103875,-118.148561957022,34.1927337954484
VID_20250327_120940_20250507131706_0_000077.jpg,/home/fuad/Work/Projects/pano_process/output/01_sampled_images/VID_20250327_120940_20250507131706.mp4/VID_20250327_120940_20250507131706_0_000077.jpg,34.1924384,-118.1484015,206.57,516728892479,15.5,1297.09,LARIAC2,2008,Unchanged,26.09506236241853,297.3636571214676,-118.14860869471417,34.19252909012179,-118.148704793012,34.1925556945467,-118.148695075763,34.1925766184214
VID_20250327_120940_20250507131706_0_000079.jpg,/home/fuad/Work/Projects/pano_process/output/01_sampled_images/VID_20250327_120940_20250507131706.mp4/VID_20250327_120940_20250507131706_0_000079.jpg,34.1923823,-118.1484338,205.83,516728892479,15.5,1297.09,LARIAC2,2008,Unchanged,27.736569370663613,314.68703926429765,-118.14860869471417,34.19252909012179,-118.14868005404,34.1925717731218,-118.148671982847,34.1925891762932
VID_20250327_120940_20250507131706_0_000080.jpg,/home/fuad/Work/Projects/pano_process/output/01_sampled_images/VID_20250327_120940_20250507131706.mp4/VID_20250327_120940_20250507131706_0_000080.jpg,34.1923548,-118.1484503,208.26,516728892479,15.5,1297.09,LARIAC2,2008,Unchanged,29.344412676959802,320.3986069398343,-118.14860869471417,34.19252909012179,-118.14868005404,34.1925717731218,-118.148671982847,34.1925891762932
VID_20250327_120940_20250507131706_0_000082.jpg,/home/fuad/Work/Projects/pano_process/output/01_sampled_images/VID_20250327_120940_20250507131706.mp4/VID_20250327_120940_20250507131706_0_000082.jpg,34.1923006,-118.1484838,208.57,516685892435,17.22,1295.24,LARIAC2,2008,Unchanged,29.10765524575387,297.4760017346355,-118.14871808940434,34.19239663370851,-118.148818908943,34.1923869722864,-118.148775464595,34.1924838331034
VID_20250327_120940_20250507131706_0_000082.jpg,/home/fuad/Work/Projects/pano_process/output/01_sampled_images/VID_20250327_120940_20250507131706.mp4/VID_20250327_120940_20250507131706_0_000082.jpg,34.1923006,-118.1484838,208.57,516728892479,15.5,1297.09,LARIAC2,2008,Unchanged,33.74745796196966,334.97727621618986,-118.14860869471417,34.19252909012179,-118.148583419324,34.1924742045831,-118.148581937624,34.1924774212652
VID_20250327_120940_20250507131706_0_000083.jpg,/home/fuad/Work/Projects/pano_process/output/01_sampled_images/VID_20250327_120940_20250507131706.mp4/VID_20250327_120940_20250507131706_0_000083.jpg,34.1922735,-118.1485013,207.67,516699892382,27.47,1303.95,LARIAC2,2008,Unchanged,24.19872948371483,264.2526644750119,-118.14871759497844,34.192255549888884,-118.148773017344,34.1922421886489,-118.148764815018,34.1922602519092
VID_20250327_120940_20250507131706_0_000083.jpg,/home/fuad/Work/Projects/pano_process/output/01_sampled_images/VID_20250327_120940_20250507131706.mp4/VID_20250327_120940_20250507131706_0_000083.jpg,34.1922735,-118.1485013,207.67,516685892435,17.22,1295.24,LARIAC2,2008,Unchanged,29.274730009770476,303.4854162553945,-118.14871808940434,34.19239663370851,-118.148818908943,34.1923869722864,-118.148775464595,34.1924838331034
VID_20250327_120940_20250507131706_0_000084.jpg,/home/fuad/Work/Projects/pano_process/output/01_sampled_images/VID_20250327_120940_20250507131706.mp4/VID_20250327_120940_20250507131706_0_000084.jpg,34.1922458,-118.148519,208.57,516685892435,17.22,1295.24,LARIAC2,2008,Unchanged,30.05398239456337,309.4881833333009,-118.14871808940434,34.19239663370851,-118.148818908943,34.1923869722864,-118.148775464595,34.1924838331034
VID_20250327_120940_20250507131706_0_000085.jpg,/home/fuad/Work/Projects/pano_process/output/01_sampled_images/VID_20250327_120940_20250507131706.mp4/VID_20250327_120940_20250507131706_0_000085.jpg,34.1922187,-118.1485365,208.57,516685892435,17.22,1295.24,LARIAC2,2008,Unchanged,31.337814064217238,315.142422258469,-118.14871808940434,34.19239663370851,-118.148818908943,34.1923869722864,-118.148775464595,34.1924838331034
VID_20250327_120940_20250507131706_0_000086.jpg,/home/fuad/Work/Projects/pano_process/output/01_sampled_images/VID_20250327_120940_20250507131706.mp4/VID_20250327_120940_20250507131706_0_000086.jpg,34.1921911,-118.1485537,206.39,516699892382,27.47,1303.95,LARIAC2,2008,Unchanged,20.20155380261681,296.9404448675408,-118.14871759497844,34.192255549888884,-118.148778645611,34.1922645766763,-118.148762571666,34.192299988777
VID_20250327_120940_20250507131706_0_000087.jpg,/home/fuad/Work/Projects/pano_process/output/01_sampled_images/VID_20250327_120940_20250507131706.mp4/VID_20250327_120940_20250507131706_0_000087.jpg,34.192164,-118.1485711,209.17,516699892382,27.47,1303.95,LARIAC2,2008,Unchanged,20.438842567886006,305.6313704033793,-118.14871759497844,34.192255549888884,-118.148778645611,34.1922645766763,-118.148762571666,34.192299988777
VID_20250327_120940_20250507131706_0_000093.jpg,/home/fuad/Work/Projects/pano_process/output/01_sampled_images/VID_20250327_120940_20250507131706.mp4/VID_20250327_120940_20250507131706_0_000093.jpg,34.1919967,-118.148666,202.46,516651892219,16.1,1281.7,LARIAC2,2008,Unchanged,33.84685644179125,227.11317574974,-118.1488956572328,34.19183187946577,-118.148837266465,34.1917773060035,-118.148999159941,34.1918285472001
VID_20250327_120940_20250507131706_0_000094.jpg,/home/fuad/Work/Projects/pano_process/output/01_sampled_images/VID_20250327_120940_20250507131706.mp4/VID_20250327_120940_20250507131706_0_000094.jpg,34.1919685,-118.1486801,202.93,516651892219,16.1,1281.7,LARIAC2,2008,Unchanged,30.23004806869802,229.94783281819377,-118.1488956572328,34.19183187946577,-118.148837266465,34.1917773060035,-118.148999159941,34.1918285472001
VID_20250327_120940_20250507131706_0_000095.jpg,/home/fuad/Work/Projects/pano_process/output/01_sampled_images/VID_20250327_120940_20250507131706.mp4/VID_20250327_120940_20250507131706_0_000095.jpg,34.1919399,-118.1486941,201.04,516651892219,16.1,1281.7,LARIAC2,2008,Unchanged,26.735131552745543,233.53978184234182,-118.1488956572328,34.19183187946577,-118.148837266465,34.1917773060035,-118.148999159941,34.1918285472001
VID_20250327_120940_20250507131706_0_000095.jpg,/home/fuad/Work/Projects/pano_process/output/01_sampled_images/VID_20250327_120940_20250507131706.mp4/VID_20250327_120940_20250507131706_0_000095.jpg,34.1919399,-118.1486941,201.04,516660892262,16.56,1284.56,LARIAC2,2008,Unchanged,17.717885609389704,272.1140228305446,-118.14885315245951,34.19194479400865,-118.148950710364,34.1919181325736,-118.148923400934,34.1919765034138
VID_20250327_120940_20250507131706_0_000096.jpg,/home/fuad/Work/Projects/pano_process/output/01_sampled_images/VID_20250327_120940_20250507131706.mp4/VID_20250327_120940_20250507131706_0_000096.jpg,34.1919109,-118.1487078,201.04,516651892219,16.1,1281.7,LARIAC2,2008,Unchanged,23.460899517386498,238.18564467225758,-118.1488956572328,34.19183187946577,-118.148837266465,34.1917773060035,-118.148999159941,34.1918285472001
VID_20250327_120940_20250507131706_0_000097.jpg,/home/fuad/Work/Projects/pano_process/output/01_sampled_images/VID_20250327_120940_20250507131706.mp4/VID_20250327_120940_20250507131706_0_000097.jpg,34.1918814,-118.1487218,200.6,516651892219,16.1,1281.7,LARIAC2,2008,Unchanged,20.46902684260261,244.2187471790033,-118.1488956572328,34.19183187946577,-118.148837266465,34.1917773060035,-118.148999159941,34.1918285472001
VID_20250327_120940_20250507131706_0_000098.jpg,/home/fuad/Work/Projects/pano_process/output/01_sampled_images/VID_20250327_120940_20250507131706.mp4/VID_20250327_120940_20250507131706_0_000098.jpg,34.1918518,-118.1487353,200.6,516660892262,16.56,1284.56,LARIAC2,2008,Unchanged,18.13132514807603,315.65479025620795,-118.14885315245951,34.19194479400865,-118.148945369995,34.1919835939584,-118.148914569706,34.1920494977862
VID_20250327_120940_20250507131706_0_000099.jpg,/home/fuad/Work/Projects/pano_process/output/01_sampled_images/VID_20250327_120940_20250507131706.mp4/VID_20250327_120940_20250507131706_0_000099.jpg,34.1918219,-118.148749,200.18,516651892219,16.1,1281.7,LARIAC2,2008,Unchanged,16.38095881868709,281.05470473637496,-118.1488956572328,34.19183187946577,-118.148999159941,34.1918285472001,-118.148969802596,34.1918913615185
VID_20250327_120940_20250507131706_0_000099.jpg,/home/fuad/Work/Projects/pano_process/output/01_sampled_images/VID_20250327_120940_20250507131706.mp4/VID_20250327_120940_20250507131706_0_000099.jpg,34.1918219,-118.148749,200.18,516660892262,16.56,1284.56,LARIAC2,2008,Unchanged,20.19821815672613,322.4382282138166,-118.14885315245951,34.19194479400865,-118.148945369995,34.1919835939584,-118.148914569706,34.1920494977862
VID_20250327_120940_20250507131706_0_000100.jpg,/home/fuad/Work/Projects/pano_process/output/01_sampled_images/VID_20250327_120940_20250507131706.mp4/VID_20250327_120940_20250507131706_0_000100.jpg,34.1917915,-118.1487626,200.18,516651892219,16.1,1281.7,LARIAC2,2008,Unchanged,15.777284726606663,290.4547878951937,-118.1488956572328,34.19183187946577,-118.148999159941,34.1918285472001,-118.148969802596,34.1918913615185
VID_20250327_120940_20250507131706_0_000100.jpg,/home/fuad/Work/Projects/pano_process/output/01_sampled_images/VID_20250327_120940_20250507131706.mp4/VID_20250327_120940_20250507131706_0_000100.jpg,34.1917915,-118.1487626,200.18,516660892262,16.56,1284.56,LARIAC2,2008,Unchanged,22.96134350606968,328.4014323732313,-118.14885315245951,34.19194479400865,-118.148945369995,34.1919835939584,-118.148914569706,34.1920494977862
VID_20250327_120940_20250507131706_0_000101.jpg,/home/fuad/Work/Projects/pano_process/output/01_sampled_images/VID_20250327_120940_20250507131706.mp4/VID_20250327_120940_20250507131706_0_000101.jpg,34.1917617,-118.148776,200.18,516643892198,15.91,1280.39,LARIAC2,2008,Unchanged,18.181308948985485,282.4367358856413,-118.14893797819812,34.191779016568816,-118.149038989553,34.1917813723662,-118.149014612501,34.1918335289621
VID_20250327_120940_20250507131706_0_000101.jpg,/home/fuad/Work/Projects/pano_process/output/01_sampled_images/VID_20250327_120940_20250507131706.mp4/VID_20250327_120940_20250507131706_0_000101.jpg,34.1917617,-118.148776,200.18,516651892219,16.1,1281.7,LARIAC2,2008,Unchanged,16.328836954395737,299.6729795075344,-118.1488956572328,34.19183187946577,-118.148999159941,34.1918285472001,-118.148969802596,34.1918913615185
VID_20250327_120940_20250507131706_0_000101.jpg,/home/fuad/Work/Projects/pano_process/output/01_sampled_images/VID_20250327_120940_20250507131706.mp4/VID_20250327_120940_20250507131706_0_000101.jpg,34.1917617,-118.148776,200.18,516660892262,16.56,1284.56,LARIAC2,2008,Unchanged,26.094731921999628,347.03735990566355,-118.14885315245951,34.19194479400865,-118.148914569706,34.1920494977862,-118.148786058552,34.1920079988434
VID_20250327_120940_20250507131706_0_000102.jpg,/home/fuad/Work/Projects/pano_process/output/01_sampled_images/VID_20250327_120940_20250507131706.mp4/VID_20250327_120940_20250507131706_0_000102.jpg,34.191732,-118.1487892,200.6,516643892198,15.91,1280.39,LARIAC2,2008,Unchanged,17.729473284649856,291.00214660929373,-118.14893797819812,34.191779016568816,-118.149038989553,34.1917813723662,-118.149014612501,34.1918335289621
VID_20250327_120940_20250507131706_0_000102.jpg,/home/fuad/Work/Projects/pano_process/output/01_sampled_images/VID_20250327_120940_20250507131706.mp4/VID_20250327_120940_20250507131706_0_000102.jpg,34.191732,-118.1487892,200.6,516660892262,16.56,1284.56,LARIAC2,2008,Unchanged,29.50949783289017,350.3324637717811,-118.14885315245951,34.19194479400865,-118.148914569706,34.1920494977862,-118.148786058552,34.1920079988434
VID_20250327_120940_20250507131706_0_000103.jpg,/home/fuad/Work/Projects/pano_process/output/01_sampled_images/VID_20250327_120940_20250507131706.mp4/VID_20250327_120940_20250507131706_0_000103.jpg,34.1917021,-118.1488021,199.25,516651892219,16.1,1281.7,LARIAC2,2008,Unchanged,20.335166749053492,336.660349286112,-118.1488956572328,34.19183187946577,-118.148969802596,34.1918913615185,-118.148804673364,34.1918392560879
VID_20250327_120940_20250507131706_0_000103.jpg,/home/fuad/Work/Projects/pano_process/output/01_sampled_images/VID_20250327_120940_20250507131706.mp4/VID_20250327_120940_20250507131706_0_000103.jpg,34.1917021,-118.1488021,199.25,516660892262,16.56,1284.56,LARIAC2,2008,Unchanged,33.15256638148617,353.039165213728,-118.14885315245951,34.19194479400865,-118.148914569706,34.1920494977862,-118.148786058552,34.1920079988434
VID_20250327_120940_20250507131706_0_000104.jpg,/home/fuad/Work/Projects/pano_process/output/01_sampled_images/VID_20250327_120940_20250507131706.mp4/VID_20250327_120940_20250507131706_0_000104.jpg,34.191672,-118.1488155,200.18,516651892219,16.1,1281.7,LARIAC2,2008,Unchanged,23.293456294428356,342.9354085111742,-118.1488956572328,34.19183187946577,-118.148969802596,34.1918913615185,-118.148804673364,34.1918392560879
VID_20250327_120940_20250507131706_0_000105.jpg,/home/fuad/Work/Projects/pano_process/output/01_sampled_images/VID_20250327_120940_20250507131706.mp4/VID_20250327_120940_20250507131706_0_000105.jpg,34.191642,-118.1488283,200.18,516651892219,16.1,1281.7,LARIAC2,2008,Unchanged,26.631362036866026,347.6848235985648,-118.1488956572328,34.19183187946577,-118.148969802596,34.1918913615185,-118.148804673364,34.1918392560879
VID_20250327_120940_20250507131706_0_000106.jpg,/home/fuad/Work/Projects/pano_process/output/01_sampled_images/VID_20250327_120940_20250507131706.mp4/VID_20250327_120940_20250507131706_0_000106.jpg,34.1916115,-118.1488423,200.18,516651892219,16.1,1281.7,LARIAC2,2008,Unchanged,30.247606489816246,351.66812539310325,-118.1488956572328,34.19183187946577,-118.148969802596,34.1918913615185,-118.148804673364,34.1918392560879
VID_20250327_120940_20250507131706_0_000107.jpg,/home/fuad/Work/Projects/pano_process/output/01_sampled_images/VID_20250327_120940_20250507131706.mp4/VID_20250327_120940_20250507131706_0_000107.jpg,34.1915809,-118.148856,200.68,516651892219,16.1,1281.7,LARIAC2,2008,Unchanged,34.06410350439858,354.8088732843417,-118.1488956572328,34.19183187946577,-118.148969802596,34.1918913615185,-118.148804673364,34.1918392560879
VID_20250327_120940_20250507131706_0_000112.jpg,/home/fuad/Work/Projects/pano_process/output/01_sampled_images/VID_20250327_120940_20250507131706.mp4/VID_20250327_120940_20250507131706_0_000112.jpg,34.1914273,-118.1489292,201.58,201700226772,27.0,1285.83,LARIAC5,2017,Unchanged,33.29086233968728,295.0939092664852,-118.14920610486746,34.191520731788884,-118.14932297312,34.1915381458931,-118.149290744705,34.1916090361489
VID_20250327_120940_20250507131706_0_000125.jpg,/home/fuad/Work/Projects/pano_process/output/01_sampled_images/VID_20250327_120940_20250507131706.mp4/VID_20250327_120940_20250507131706_0_000125.jpg,34.1910167,-118.1491265,201.21,516479891938,13.63,1262.74,LARIAC2,2008,Unchanged,34.7991301968403,277.7630211123537,-118.1494375764879,34.19104224689759,-118.149510589552,34.1909959971192,-118.149452706328,34.1911174977587
VID_20250327_120940_20250507131706_0_000126.jpg,/home/fuad/Work/Projects/pano_process/output/01_sampled_images/VID_20250327_120940_20250507131706.mp4/VID_20250327_120940_20250507131706_0_000126.jpg,34.1909843,-118.1491417,200.37,516479891938,13.63,1262.74,LARIAC2,2008,Unchanged,33.8474477024042,284.4476870579556,-118.1494375764879,34.19104224689759,-118.149510589552,34.1909959971192,-118.149452706328,34.1911174977587
VID_20250327_120940_20250507131706_0_000127.jpg,/home/fuad/Work/Projects/pano_process/output/01_sampled_images/VID_20250327_120940_20250507131706.mp4/VID_20250327_120940_20250507131706_0_000127.jpg,34.190952,-118.1491566,201.21,516489891854,14.55,1259.52,LARIAC2,2008,Unchanged,33.72925430685296,230.0850044710703,-118.1494004932555,34.190803288536216,-118.149319630579,34.1907413131753,-118.149514771791,34.1908020192858
VID_20250327_120940_20250507131706_0_000127.jpg,/home/fuad/Work/Projects/pano_process/output/01_sampled_images/VID_20250327_120940_20250507131706.mp4/VID_20250327_120940_20250507131706_0_000127.jpg,34.190952,-118.1491566,201.21,516479891938,13.63,1262.74,LARIAC2,2008,Unchanged,33.55342587542988,291.2852163185761,-118.1494375764879,34.19104224689759,-118.149510589552,34.1909959971192,-118.149452706328,34.1911174977587
VID_20250327_120940_20250507131706_0_000128.jpg,/home/fuad/Work/Projects/pano_process/output/01_sampled_images/VID_20250327_120940_20250507131706.mp4/VID_20250327_120940_20250507131706_0_000128.jpg,34.1909197,-118.1491713,200.76,516489891854,14.55,1259.52,LARIAC2,2008,Unchanged,29.939723036032436,233.9533709436538,-118.1494004932555,34.190803288536216,-118.149319630579,34.1907413131753,-118.149514771791,34.1908020192858
VID_20250327_120940_20250507131706_0_000128.jpg,/home/fuad/Work/Projects/pano_process/output/01_sampled_images/VID_20250327_120940_20250507131706.mp4/VID_20250327_120940_20250507131706_0_000128.jpg,34.1909197,-118.1491713,200.76,516479891938,13.63,1262.74,LARIAC2,2008,Unchanged,33.92090410563257,298.09608637205685,-118.1494375764879,34.19104224689759,-118.149510589552,34.1909959971192,-118.149452706328,34.1911174977587
VID_20250327_120940_20250507131706_0_000128.jpg,/home/fuad/Work/Projects/pano_process/output/01_sampled_images/VID_20250327_120940_20250507131706.mp4/VID_20250327_120940_20250507131706_0_000128.jpg,34.1909197,-118.1491713,200.76,516488891879,27.62,1274.06,LARIAC2,2008,Unchanged,29.8821474416591,263.1039467401414,-118.14943712931341,34.19088883203064,-118.149524532716,34.1908790584326,-118.149519526274,34.1908901660826
VID_20250327_120940_20250507131706_0_000129.jpg,/home/fuad/Work/Projects/pano_process/output/01_sampled_images/VID_20250327_120940_20250507131706.mp4/VID_20250327_120940_20250507131706_0_000129.jpg,34.1908873,-118.1491859,200.76,516479891938,13.63,1262.74,LARIAC2,2008,Unchanged,34.92498132691672,304.70880917873245,-118.1494375764879,34.19104224689759,-118.149510589552,34.1909959971192,-118.149452706328,34.1911174977587
VID_20250327_120940_20250507131706_0_000129.jpg,/home/fuad/Work/Projects/pano_process/output/01_sampled_images/VID_20250327_120940_20250507131706.mp4/VID_20250327_120940_20250507131706_0_000129.jpg,34.1908873,-118.1491859,200.76,516488891879,27.62,1274.06,LARIAC2,2008,Unchanged,27.96748075997438,269.4462403606721,-118.14943712931341,34.19088883203064,-118.149524532716,34.1908790584326,-118.149519526274,34.1908901660826
VID_20250327_120940_20250507131706_0_000132.jpg,/home/fuad/Work/Projects/pano_process/output/01_sampled_images/VID_20250327_120940_20250507131706.mp4/VID_20250327_120940_20250507131706_0_000132.jpg,34.1907915,-118.1492301,200.37,516489891854,14.55,1259.52,LARIAC2,2008,Unchanged,19.034322722021617,280.88491230983755,-118.1494004932555,34.190803288536216,-118.149514771791,34.1908020192858,-118.14948545791,34.1908668783502
VID_20250327_120940_20250507131706_0_000133.jpg,/home/fuad/Work/Projects/pano_process/output/01_sampled_images/VID_20250327_120940_20250507131706.mp4/VID_20250327_120940_20250507131706_0_000133.jpg,34.1907588,-118.1492448,200.37,516489891854,14.55,1259.52,LARIAC2,2008,Unchanged,18.33669237455995,289.7078164329299,-118.1494004932555,34.190803288536216,-118.149514771791,34.1908020192858,-118.14948545791,34.1908668783502
VID_20250327_120940_20250507131706_0_000133.jpg,/home/fuad/Work/Projects/pano_process/output/01_sampled_images/VID_20250327_120940_20250507131706.mp4/VID_20250327_120940_20250507131706_0_000133.jpg,34.1907588,-118.1492448,200.37,516488891879,27.62,1274.06,LARIAC2,2008,Unchanged,27.65179843903987,310.02676529080486,-118.14943712931341,34.19088883203064,-118.149508164314,34.1909345030317,-118.149503157769,34.1909455556877
VID_20250327_120940_20250507131706_0_000134.jpg,/home/fuad/Work/Projects/pano_process/output/01_sampled_images/VID_20250327_120940_20250507131706.mp4/VID_20250327_120940_20250507131706_0_000134.jpg,34.1907271,-118.1492598,201.16,516489891854,14.55,1259.52,LARIAC2,2008,Unchanged,18.719675960305636,298.37063588822616,-118.1494004932555,34.190803288536216,-118.149514771791,34.1908020192858,-118.14948545791,34.1908668783502
VID_20250327_120940_20250507131706_0_000134.jpg,/home/fuad/Work/Projects/pano_process/output/01_sampled_images/VID_20250327_120940_20250507131706.mp4/VID_20250327_120940_20250507131706_0_000134.jpg,34.1907271,-118.1492598,201.16,516439891847,11.21,1254.57,LARIAC2,2008,Unchanged,26.411479656555283,284.18762757313374,-118.14949376020886,34.19075970917326,-118.149667402714,34.1907779516647,-118.149638978183,34.1908407758104
VID_20250327_120940_20250507131706_0_000135.jpg,/home/fuad/Work/Projects/pano_process/output/01_sampled_images/VID_20250327_120940_20250507131706.mp4/VID_20250327_120940_20250507131706_0_000135.jpg,34.1906954,-118.1492739,201.16,516488891879,27.62,1274.06,LARIAC2,2008,Unchanged,31.74627702941235,321.9157314506861,-118.14943712931341,34.19088883203064,-118.149508164314,34.1909345030317,-118.149503157769,34.1909455556877
VID_20250327_120940_20250507131706_0_000135.jpg,/home/fuad/Work/Projects/pano_process/output/01_sampled_images/VID_20250327_120940_20250507131706.mp4/VID_20250327_120940_20250507131706_0_000135.jpg,34.1906954,-118.1492739,201.16,516439891847,11.21,1254.57,LARIAC2,2008,Unchanged,25.95987443972632,289.9633925132883,-118.14949376020886,34.19075970917326,-118.149667402714,34.1907779516647,-118.149638978183,34.1908407758104
VID_20250327_120940_20250507131706_0_000136.jpg,/home/fuad/Work/Projects/pano_process/output/01_sampled_images/VID_20250327_120940_20250507131706.mp4/VID_20250327_120940_20250507131706_0_000136.jpg,34.1906642,-118.1492885,201.16,516439891847,11.21,1254.57,LARIAC2,2008,Unchanged,26.21659810618636,295.69761199959413,-118.14949376020886,34.19075970917326,-118.149667402714,34.1907779516647,-118.149638978183,34.1908407758104
VID_20250327_120940_20250507131706_0_000138.jpg,/home/fuad/Work/Projects/pano_process/output/01_sampled_images/VID_20250327_120940_20250507131706.mp4/VID_20250327_120940_20250507131706_0_000138.jpg,34.1906034,-118.1493167,201.1,516489891854,14.55,1259.52,LARIAC2,2008,Unchanged,28.472011645279874,338.77283174053815,-118.1494004932555,34.190803288536216,-118.14948545791,34.1908668783502,-118.149379746824,34.190833567521
VID_20250327_120940_20250507131706_0_000139.jpg,/home/fuad/Work/Projects/pano_process/output/01_sampled_images/VID_20250327_120940_20250507131706.mp4/VID_20250327_120940_20250507131706_0_000139.jpg,34.1905733,-118.1493307,200.6,516489891854,14.55,1259.52,LARIAC2,2008,Unchanged,31.91172092307148,343.07064867588235,-118.1494004932555,34.190803288536216,-118.14948545791,34.1908668783502,-118.149379746824,34.190833567521
VID_20250327_120940_20250507131706_0_000141.jpg,/home/fuad/Work/Projects/pano_process/output/01_sampled_images/VID_20250327_120940_20250507131706.mp4/VID_20250327_120940_20250507131706_0_000141.jpg,34.190515,-118.1493568,201.04,516405891772,20.9,1258.18,LARIAC2,2008,Unchanged,26.056359433977438,285.7308661243475,-118.14958612729875,34.1905537707246,-118.149773528663,34.1905634036112,-118.149733274174,34.1906514023734
VID_20250327_120940_20250507131706_0_000142.jpg,/home/fuad/Work/Projects/pano_process/output/01_sampled_images/VID_20250327_120940_20250507131706.mp4/VID_20250327_120940_20250507131706_0_000142.jpg,34.1904866,-118.1493696,198.1,516405891772,20.9,1258.18,LARIAC2,2008,Unchanged,25.743065283357076,290.83280255275974,-118.14958612729875,34.1905537707246,-118.149773528663,34.1905634036112,-118.149733274174,34.1906514023734
VID_20250327_120940_20250507131706_0_000143.jpg,/home/fuad/Work/Projects/pano_process/output/01_sampled_images/VID_20250327_120940_20250507131706.mp4/VID_20250327_120940_20250507131706_0_000143.jpg,34.1904581,-118.1493821,200.51,516405891772,20.9,1258.18,LARIAC2,2008,Unchanged,26.10776567654034,295.92551291386394,-118.14958612729875,34.1905537707246,-118.149773528663,34.1905634036112,-118.149733274174,34.1906514023734
VID_20250327_120940_20250507131706_0_000146.jpg,/home/fuad/Work/Projects/pano_process/output/01_sampled_images/VID_20250327_120940_20250507131706.mp4/VID_20250327_120940_20250507131706_0_000146.jpg,34.1903749,-118.1494191,199.51,516405891772,20.9,1258.18,LARIAC2,2008,Unchanged,30.416763092464695,321.51886850356834,-118.14958612729875,34.1905537707246,-118.149521133225,34.1904763339895,-118.149518201431,34.1904827673376
VID_20250327_120940_20250507131706_0_000147.jpg,/home/fuad/Work/Projects/pano_process/output/01_sampled_images/VID_20250327_120940_20250507131706.mp4/VID_20250327_120940_20250507131706_0_000147.jpg,34.1903477,-118.149431,198.93,516405891772,20.9,1258.18,LARIAC2,2008,Unchanged,32.66963271736412,330.9145504243279,-118.14958612729875,34.1905537707246,-118.149521133225,34.1904763339895,-118.149518201431,34.1904827673376
VID_20250327_120940_20250507131706_0_000149.jpg,/home/fuad/Work/Projects/pano_process/output/01_sampled_images/VID_20250327_120940_20250507131706.mp4/VID_20250327_120940_20250507131706_0_000149.jpg,34.1902938,-118.149454,199.36,516547891613,11.67,1245.34,LARIAC2,2008,Unchanged,33.815080089237135,127.43315134471601,-118.14920708481908,34.190147441870145,-118.14916877485,34.1901665609683,-118.149206753355,34.1900838860423
VID_20250327_120940_20250507131706_0_000149.jpg,/home/fuad/Work/Projects/pano_process/output/01_sampled_images/VID_20250327_120940_20250507131706.mp4/VID_20250327_120940_20250507131706_0_000149.jpg,34.1902938,-118.149454,199.36,516400891662,16.99,1250.59,LARIAC2,2008,Unchanged,26.210021758624567,269.6847182059234,-118.14968920012626,34.19028485451317,-118.149846598807,34.1902631084613,-118.149819620646,34.1903210391468
VID_20250327_120940_20250507131706_0_000150.jpg,/home/fuad/Work/Projects/pano_process/output/01_sampled_images/VID_20250327_120940_20250507131706.mp4/VID_20250327_120940_20250507131706_0_000150.jpg,34.1902673,-118.1494651,198.3,516385891615,15.95,1245.99,LARIAC2,2008,Unchanged,32.64272578383638,232.6081236871095,-118.14972179352007,34.19015004214445,-118.149652746619,34.190054179561,-118.149850835182,34.1901179052184
VID_20250327_120940_20250507131706_0_000150.jpg,/home/fuad/Work/Projects/pano_process/output/01_sampled_images/VID_20250327_120940_20250507131706.mp4/VID_20250327_120940_20250507131706_0_000150.jpg,34.1902673,-118.1494651,198.3,516400891662,16.99,1250.59,LARIAC2,2008,Unchanged,25.058325805066026,274.65277154609316,-118.14968920012626,34.19028485451317,-118.149846598807,34.1902631084613,-118.149819620646,34.1903210391468
VID_20250327_120940_20250507131706_0_000151.jpg,/home/fuad/Work/Projects/pano_process/output/01_sampled_images/VID_20250327_120940_20250507131706.mp4/VID_20250327_120940_20250507131706_0_000151.jpg,34.190243,-118.1494756,199.82,516385891615,15.95,1245.99,LARIAC2,2008,Unchanged,30.126360814964798,235.50991644630122,-118.14972179352007,34.19015004214445,-118.149652746619,34.190054179561,-118.149850835182,34.1901179052184
VID_20250327_120940_20250507131706_0_000152.jpg,/home/fuad/Work/Projects/pano_process/output/01_sampled_images/VID_20250327_120940_20250507131706.mp4/VID_20250327_120940_20250507131706_0_000152.jpg,34.1902157,-118.1494881,201.45,516385891615,15.95,1245.99,LARIAC2,2008,Unchanged,27.474313901983937,262.9518590652216,-118.14972179352007,34.19015004214445,-118.149850835182,34.1901179052184,-118.149791476376,34.1902453705794
VID_20250327_120940_20250507131706_0_000153.jpg,/home/fuad/Work/Projects/pano_process/output/01_sampled_images/VID_20250327_120940_20250507131706.mp4/VID_20250327_120940_20250507131706_0_000153.jpg,34.1901889,-118.1495009,200.97,516385891615,15.95,1245.99,LARIAC2,2008,Unchanged,25.13966196375616,268.4297965249651,-118.14972179352007,34.19015004214445,-118.149850835182,34.1901179052184,-118.149791476376,34.1902453705794
VID_20250327_120940_20250507131706_0_000153.jpg,/home/fuad/Work/Projects/pano_process/output/01_sampled_images/VID_20250327_120940_20250507131706.mp4/VID_20250327_120940_20250507131706_0_000153.jpg,34.1901889,-118.1495009,200.97,516400891662,16.99,1250.59,LARIAC2,2008,Unchanged,24.6198677164589,303.99153809551893,-118.14968920012626,34.19028485451317,-118.149810951765,34.1903182749687,-118.149778735216,34.190387423581
VID_20250327_120940_20250507131706_0_000154.jpg,/home/fuad/Work/Projects/pano_process/output/01_sampled_images/VID_20250327_120940_20250507131706.mp4/VID_20250327_120940_20250507131706_0_000154.jpg,34.1901616,-118.1495135,200.97,516385891615,15.95,1245.99,LARIAC2,2008,Unchanged,23.239241052861967,274.50219731472424,-118.14972179352007,34.19015004214445,-118.149850835182,34.1901179052184,-118.149791476376,34.1902453705794
VID_20250327_120940_20250507131706_0_000154.jpg,/home/fuad/Work/Projects/pano_process/output/01_sampled_images/VID_20250327_120940_20250507131706.mp4/VID_20250327_120940_20250507131706_0_000154.jpg,34.1901616,-118.1495135,200.97,516400891662,16.99,1250.59,LARIAC2,2008,Unchanged,25.645419035865135,309.4133662635861,-118.14968920012626,34.19028485451317,-118.149810951765,34.1903182749687,-118.149778735216,34.190387423581
VID_20250327_120940_20250507131706_0_000155.jpg,/home/fuad/Work/Projects/pano_process/output/01_sampled_images/VID_20250327_120940_20250507131706.mp4/VID_20250327_120940_20250507131706_0_000155.jpg,34.190134,-118.1495267,201.97,516385891615,15.95,1245.99,LARIAC2,2008,Unchanged,21.82475557986879,281.0665401280294,-118.14972179352007,34.19015004214445,-118.149850835182,34.1901179052184,-118.149791476376,34.1902453705794
VID_20250327_120940_20250507131706_0_000155.jpg,/home/fuad/Work/Projects/pano_process/output/01_sampled_images/VID_20250327_120940_20250507131706.mp4/VID_20250327_120940_20250507131706_0_000155.jpg,34.190134,-118.1495267,201.97,516400891662,16.99,1250.59,LARIAC2,2008,Unchanged,27.19162842925183,314.6161608697193,-118.14968920012626,34.19028485451317,-118.149810951765,34.1903182749687,-118.149778735216,34.190387423581
VID_20250327_120940_20250507131706_0_000156.jpg,/home/fuad/Work/Projects/pano_process/output/01_sampled_images/VID_20250327_120940_20250507131706.mp4/VID_20250327_120940_20250507131706_0_000156.jpg,34.1901057,-118.1495401,200.51,516385891615,15.95,1245.99,LARIAC2,2008,Unchanged,21.0879806976792,288.0891140217641,-118.14972179352007,34.19015004214445,-118.149850835182,34.1901179052184,-118.149791476376,34.1902453705794
VID_20250327_120940_20250507131706_0_000156.jpg,/home/fuad/Work/Projects/pano_process/output/01_sampled_images/VID_20250327_120940_20250507131706.mp4/VID_20250327_120940_20250507131706_0_000156.jpg,34.1901057,-118.1495401,200.51,516400891662,16.99,1250.59,LARIAC2,2008,Unchanged,29.270922406404832,319.54938513674705,-118.14968920012626,34.19028485451317,-118.149810951765,34.1903182749687,-118.149778735216,34.190387423581
VID_20250327_120940_20250507131706_0_000157.jpg,/home/fuad/Work/Projects/pano_process/output/01_sampled_images/VID_20250327_120940_20250507131706.mp4/VID_20250327_120940_20250507131706_0_000157.jpg,34.190079,-118.149553,203.52,516385891615,15.95,1245.99,LARIAC2,2008,Unchanged,21.082482302472982,294.8311841443432,-118.14972179352007,34.19015004214445,-118.149850835182,34.1901179052184,-118.149791476376,34.1902453705794
VID_20250327_120940_20250507131706_0_000157.jpg,/home/fuad/Work/Projects/pano_process/output/01_sampled_images/VID_20250327_120940_20250507131706.mp4/VID_20250327_120940_20250507131706_0_000157.jpg,34.190079,-118.149553,203.52,516400891662,16.99,1250.59,LARIAC2,2008,Unchanged,31.58096297840962,323.85188938187395,-118.14968920012626,34.19028485451317,-118.149810951765,34.1903182749687,-118.149778735216,34.190387423581
VID_20250327_120940_20250507131706_0_000158.jpg,/home/fuad/Work/Projects/pano_process/output/01_sampled_images/VID_20250327_120940_20250507131706.mp4/VID_20250327_120940_20250507131706_0_000158.jpg,34.1900519,-118.1495662,201.97,516385891615,15.95,1245.99,LARIAC2,2008,Unchanged,21.781804287676923,301.5991327013884,-118.14972179352007,34.19015004214445,-118.149850835182,34.1901179052184,-118.149791476376,34.1902453705794
VID_20250327_120940_20250507131706_0_000158.jpg,/home/fuad/Work/Projects/pano_process/output/01_sampled_images/VID_20250327_120940_20250507131706.mp4/VID_20250327_120940_20250507131706_0_000158.jpg,34.1900519,-118.1495662,201.97,516400891662,16.99,1250.59,LARIAC2,2008,Unchanged,34.21009988435503,344.5814575163906,-118.14968920012626,34.19028485451317,-118.149778735216,34.190387423581,-118.149553217314,34.1903148840875
VID_20250327_120940_20250507131706_0_000159.jpg,/home/fuad/Work/Projects/pano_process/output/01_sampled_images/VID_20250327_120940_20250507131706.mp4/VID_20250327_120940_20250507131706_0_000159.jpg,34.1900245,-118.1495797,202.93,516385891615,15.95,1245.99,LARIAC2,2008,Unchanged,23.14407428329749,308.1944665877483,-118.14972179352007,34.19015004214445,-118.149850835182,34.1901179052184,-118.149791476376,34.1902453705794
VID_20250327_120940_20250507131706_0_000160.jpg,/home/fuad/Work/Projects/pano_process/output/01_sampled_images/VID_20250327_120940_20250507131706.mp4/VID_20250327_120940_20250507131706_0_000160.jpg,34.1899963,-118.1495932,201.99,516385891615,15.95,1245.99,LARIAC2,2008,Unchanged,25.159567556509703,314.50633079934136,-118.14972179352007,34.19015004214445,-118.149850835182,34.1901179052184,-118.149791476376,34.1902453705794
VID_20250327_120940_20250507131706_0_000161.jpg,/home/fuad/Work/Projects/pano_process/output/01_sampled_images/VID_20250327_120940_20250507131706.mp4/VID_20250327_120940_20250507131706_0_000161.jpg,34.1899683,-118.1496063,200.07,516385891615,15.95,1245.99,LARIAC2,2008,Unchanged,27.631634973244758,343.8925634429855,-118.14972179352007,34.19015004214445,-118.149791476376,34.1902453705794,-118.149592777964,34.1901829203446
VID_20250327_120940_20250507131706_0_000162.jpg,/home/fuad/Work/Projects/pano_process/output/01_sampled_images/VID_20250327_120940_20250507131706.mp4/VID_20250327_120940_20250507131706_0_000162.jpg,34.1899396,-118.1496199,201.97,516385891615,15.95,1245.99,LARIAC2,2008,Unchanged,30.507755238150235,347.7231065683793,-118.14972179352007,34.19015004214445,-118.149791476376,34.1902453705794,-118.149592777964,34.1901829203446
VID_20250327_120940_20250507131706_0_000163.jpg,/home/fuad/Work/Projects/pano_process/output/01_sampled_images/VID_20250327_120940_20250507131706.mp4/VID_20250327_120940_20250507131706_0_000163.jpg,34.1899128,-118.1496328,200.51,516385891615,15.95,1245.99,LARIAC2,2008,Unchanged,33.429085392698084,350.7505894951085,-118.14972179352007,34.19015004214445,-118.149791476376,34.1902453705794,-118.149592777964,34.1901829203446
VID_20250327_120940_20250507131706_0_000169.jpg,/home/fuad/Work/Projects/pano_process/output/01_sampled_images/VID_20250327_120940_20250507131706.mp4/VID_20250327_120940_20250507131706_0_000169.jpg,34.189754,-118.1497062,201.39,202300052633,18.91,1242.37,LARIAC7,2023,Modified,34.06943743371627,257.4177496806032,-118.15000546111914,34.189700970235386,-118.150175499706,34.1896299208725,-118.150138024149,34.1897117047663
VID_20250327_120940_20250507131706_0_000170.jpg,/home/fuad/Work/Projects/pano_process/output/01_sampled_images/VID_20250327_120940_20250507131706.mp4/VID_20250327_120940_20250507131706_0_000170.jpg,34.1897292,-118.1497184,203.58,202300052633,18.91,1242.37,LARIAC7,2023,Modified,32.18053775693995,260.8527898637414,-118.15000546111914,34.189700970235386,-118.150175499706,34.1896299208725,-118.150138024149,34.1897117047663
VID_20250327_120940_20250507131706_0_000175.jpg,/home/fuad/Work/Projects/pano_process/output/01_sampled_images/VID_20250327_120940_20250507131706.mp4/VID_20250327_120940_20250507131706_0_000175.jpg,34.1896096,-118.1497751,204.28,202300052633,18.91,1242.37,LARIAC7,2023,Modified,28.43938013304722,299.43121754883646,-118.15000546111914,34.189700970235386,-118.150220821655,34.1897379059623,-118.150160643945,34.1898692328811
VID_20250327_120940_20250507131706_0_000176.jpg,/home/fuad/Work/Projects/pano_process/output/01_sampled_images/VID_20250327_120940_20250507131706.mp4/VID_20250327_120940_20250507131706_0_000176.jpg,34.1895846,-118.1497856,198.53,202300052633,18.91,1242.37,LARIAC7,2023,Modified,29.056433240535977,303.1610793563254,-118.15000546111914,34.189700970235386,-118.150220821655,34.1897379059623,-118.150160643945,34.1898692328811
VID_20250327_120940_20250507131706_0_000177.jpg,/home/fuad/Work/Projects/pano_process/output/01_sampled_images/VID_20250327_120940_20250507131706.mp4/VID_20250327_120940_20250507131706_0_000177.jpg,34.189561,-118.1497949,197.83,202300052633,18.91,1242.37,LARIAC7,2023,Modified,30.07052144051502,306.53256867504996,-118.15000546111914,34.189700970235386,-118.150220821655,34.1897379059623,-118.150160643945,34.1898692328811
VID_20250327_120940_20250507131706_0_000178.jpg,/home/fuad/Work/Projects/pano_process/output/01_sampled_images/VID_20250327_120940_20250507131706.mp4/VID_20250327_120940_20250507131706_0_000178.jpg,34.1895377,-118.1498046,201.85,202300052633,18.91,1242.37,LARIAC7,2023,Modified,31.348759914931073,309.7740149843785,-118.15000546111914,34.189700970235386,-118.150220821655,34.1897379059623,-118.150160643945,34.1898692328811
VID_20250327_120940_20250507131706_0_000197.jpg,/home/fuad/Work/Projects/pano_process/output/01_sampled_images/VID_20250327_120940_20250507131706.mp4/VID_20250327_120940_20250507131706_0_000197.jpg,34.1890255,-118.1500469,202.46,202300055801,31.41,1235.6,LARIAC7,2023,Modified,32.63086434299665,281.7584129980283,-118.15033964629214,34.18903787005577,-118.150606230695,34.1889836794816,-118.150482491707,34.1892386261812
VID_20250327_120940_20250507131706_0_000198.jpg,/home/fuad/Work/Projects/pano_process/output/01_sampled_images/VID_20250327_120940_20250507131706.mp4/VID_20250327_120940_20250507131706_0_000198.jpg,34.1889971,-118.1500617,200.6,202300055801,31.41,1235.6,LARIAC7,2023,Modified,31.423549325015397,285.94300625698105,-118.15033964629214,34.18903787005577,-118.150606230695,34.1889836794816,-118.150482491707,34.1892386261812
VID_20250327_120940_20250507131706_0_000199.jpg,/home/fuad/Work/Projects/pano_process/output/01_sampled_images/VID_20250327_120940_20250507131706.mp4/VID_20250327_120940_20250507131706_0_000199.jpg,34.1889682,-118.1500766,201.04,202300055801,31.41,1235.6,LARIAC7,2023,Modified,30.746610831175023,290.27725205577923,-118.15033964629214,34.18903787005577,-118.150606230695,34.1889836794816,-118.150482491707,34.1892386261812
VID_20250327_120940_20250507131706_0_000200.jpg,/home/fuad/Work/Projects/pano_process/output/01_sampled_images/VID_20250327_120940_20250507131706.mp4/VID_20250327_120940_20250507131706_0_000200.jpg,34.1889393,-118.1500906,202.46,202300055801,31.41,1235.6,LARIAC7,2023,Modified,30.733831852516275,294.6008911233148,-118.15033964629214,34.18903787005577,-118.150606230695,34.1889836794816,-118.150482491707,34.1892386261812
VID_20250327_120940_20250507131706_0_000201.jpg,/home/fuad/Work/Projects/pano_process/output/01_sampled_images/VID_20250327_120940_20250507131706.mp4/VID_20250327_120940_20250507131706_0_000201.jpg,34.18891,-118.1501052,202.46,202300055801,31.41,1235.6,LARIAC7,2023,Modified,31.261024927975136,298.9747219486745,-118.15033964629214,34.18903787005577,-118.150606230695,34.1889836794816,-118.150482491707,34.1892386261812
VID_20250327_120940_20250507131706_0_000202.jpg,/home/fuad/Work/Projects/pano_process/output/01_sampled_images/VID_20250327_120940_20250507131706.mp4/VID_20250327_120940_20250507131706_0_000202.jpg,34.1888798,-118.1501197,200.76,202300055801,31.41,1235.6,LARIAC7,2023,Modified,32.434497717374114,303.36938394903706,-118.15033964629214,34.18903787005577,-118.150606230695,34.1889836794816,-118.150482491707,34.1892386261812
VID_20250327_120940_20250507131706_0_000212.jpg,/home/fuad/Work/Projects/pano_process/output/01_sampled_images/VID_20250327_120940_20250507131706.mp4/VID_20250327_120940_20250507131706_0_000212.jpg,34.1885729,-118.1502676,206.57,516305890987,9.83,1206.04,LARIAC2,2008,Unchanged,34.83342348536045,122.86194311823124,-118.15000737049074,34.18842915917501,-118.149943883294,34.1885130589435,-118.150027546384,34.1883314858869
VID_20250327_120940_20250507131706_0_000213.jpg,/home/fuad/Work/Projects/pano_process/output/01_sampled_images/VID_20250327_120940_20250507131706.mp4/VID_20250327_120940_20250507131706_0_000213.jpg,34.1885421,-118.1502809,199.01,516305890987,9.83,1206.04,LARIAC2,2008,Unchanged,34.031766264905144,116.13914331417226,-118.15000737049074,34.18842915917501,-118.149943883294,34.1885130589435,-118.150027546384,34.1883314858869
VID_20250327_120940_20250507131706_0_000214.jpg,/home/fuad/Work/Projects/pano_process/output/01_sampled_images/VID_20250327_120940_20250507131706.mp4/VID_20250327_120940_20250507131706_0_000214.jpg,34.1885111,-118.1502943,200.6,516305890987,9.83,1206.04,LARIAC2,2008,Unchanged,33.79077063447283,109.18725103496416,-118.15000737049074,34.18842915917501,-118.149943883294,34.1885130589435,-118.150027546384,34.1883314858869
VID_20250327_120940_20250507131706_0_000215.jpg,/home/fuad/Work/Projects/pano_process/output/01_sampled_images/VID_20250327_120940_20250507131706.mp4/VID_20250327_120940_20250507131706_0_000215.jpg,34.1884803,-118.1503069,195.41,516305890987,9.83,1206.04,LARIAC2,2008,Unchanged,34.046331614213216,102.32038291047962,-118.15000737049074,34.18842915917501,-118.149943883294,34.1885130589435,-118.150027546384,34.1883314858869
VID_20250327_120940_20250507131706_0_000216.jpg,/home/fuad/Work/Projects/pano_process/output/01_sampled_images/VID_20250327_120940_20250507131706.mp4/VID_20250327_120940_20250507131706_0_000216.jpg,34.1884507,-118.1503186,195.14,516305890987,9.83,1206.04,LARIAC2,2008,Unchanged,34.76697328180014,95.89410771618998,-118.15000737049074,34.18842915917501,-118.149943883294,34.1885130589435,-118.150027546384,34.1883314858869
VID_20250327_120940_20250507131706_0_000245.jpg,/home/fuad/Work/Projects/pano_process/output/01_sampled_images/VID_20250327_120940_20250507131706.mp4/VID_20250327_120940_20250507131706_0_000245.jpg,34.1875898,-118.1507224,202.05,516013890638,11.11,1185.89,LARIAC2,2008,Unchanged,31.624499776468426,234.2349608566073,-118.1509643934538,34.18746670231262,-118.150949533296,34.187428404131,-118.151006374543,34.1874466613238
VID_20250327_120940_20250507131706_0_000246.jpg,/home/fuad/Work/Projects/pano_process/output/01_sampled_images/VID_20250327_120940_20250507131706.mp4/VID_20250327_120940_20250507131706_0_000246.jpg,34.1875573,-118.1507384,204.13,516013890638,11.11,1185.89,LARIAC2,2008,Unchanged,27.956113839376595,248.8377113816556,-118.1509643934538,34.18746670231262,-118.151006374543,34.1874466613238,-118.15097923286,34.1875050053747
